{
  "patrons-1000": {
    "type": "patrons",
    "target": 1000,
    "title": "Reach 1,000 Patrons",
    "current": 0,
    "progress_percentage": 0
  },
  "patrons-5000": {
    "type": "patrons",
    "target": 5000,
    "title": "Reach 5,000 Patrons",
    "current": 0,
    "progress_percentage": 0
  },
  "members-500": {
    "type": "members",
    "target": 500,
    "title": "500 Paid Members",
    "current": 0,
    "progress_percentage": 0
  },
  "posts-100": {
    "type": "posts",
    "target": 100,
    "title": "100 Posts Published",
    "current": 0,
    "progress_percentage": 0
  },
  "monthly-income": {
    "type": "income",
    "target": 5000,
    "title": "Monthly Income Goal",
    "current": 0,
    "progress_percentage": 0
  }
}